"","id","age","male","profession","recognize","wager","eyebrow","robot","child"
"10.mean-2",10,66,0,3,1,60,"b.Mean","b.Kismet",FALSE
"13.mean-2",13,24,0,5,2,50,"b.Mean","b.Kismet",FALSE
"14.mean-2",14,36,1,3,2,5,"b.Mean","b.Kismet",FALSE
"16.mean-2",16,40,0,3,2,20,"b.Mean","b.Kismet",FALSE
"17.mean-2",17,19,0,5,2,20,"b.Mean","b.Kismet",FALSE
"24.mean-2",24,22,0,5,2,10,"b.Mean","b.Kismet",FALSE
"25.mean-2",25,20,0,5,2,50,"b.Mean","b.Kismet",FALSE
"33.mean-2",33,31,1,3,2,35,"b.Mean","b.Kismet",FALSE
"34.mean-2",34,42,1,3,1,50,"b.Mean","b.Kismet",FALSE
"35.mean-2",35,37,0,1,2,60,"b.Mean","b.Kismet",FALSE
"36.mean-2",36,24,1,3,2,100,"b.Mean","b.Kismet",FALSE
"37.mean-2",37,42,1,1,1,70,"b.Mean","b.Kismet",FALSE
"38.mean-2",38,32,0,3,1,10,"b.Mean","b.Kismet",FALSE
"39.mean-2",39,55,1,3,2,25,"b.Mean","b.Kismet",FALSE
"40.mean-2",40,48,0,1,1,65,"b.Mean","b.Kismet",FALSE
"41.mean-2",41,70,1,3,2,100,"b.Mean","b.Kismet",FALSE
"42.mean-2",42,65,0,4,2,30,"b.Mean","b.Kismet",FALSE
"46.mean-2",46,18,0,5,2,30,"b.Mean","b.Kismet",FALSE
"47.mean-2",47,21,0,2,2,20,"b.Mean","b.Kismet",FALSE
"48.mean-2",48,39,1,1,2,100,"b.Mean","b.Kismet",FALSE
"49.mean-2",49,32,1,5,2,30,"b.Mean","b.Kismet",FALSE
"50.mean-2",50,30,1,5,2,10,"b.Mean","b.Kismet",FALSE
"51.mean-2",51,24,0,5,2,0,"b.Mean","b.Kismet",FALSE
"52.mean-2",52,24,0,5,2,40,"b.Mean","b.Kismet",FALSE
"53.mean-2",53,24,0,5,2,60,"b.Mean","b.Kismet",FALSE
"54.mean-2",54,24,0,5,2,0,"b.Mean","b.Kismet",FALSE
"55.mean-2",55,24,0,5,2,80,"b.Mean","b.Kismet",FALSE
"56.mean-2",56,NA,0,5,2,50,"b.Mean","b.Kismet",NA
"57.mean-2",57,42,0,6,2,90,"b.Mean","b.Kismet",FALSE
"59.mean-2",59,43,0,3,1,30,"b.Mean","b.Kismet",FALSE
"60.mean-2",60,24,1,6,1,50,"b.Mean","b.Kismet",FALSE
"61.mean-2",61,NA,0,NA,NA,100,"b.Mean","b.Kismet",NA
"62.mean-2",62,50,0,3,1,80,"b.Mean","b.Kismet",FALSE
"67.mean-2",67,40,0,1,2,50,"b.Mean","b.Kismet",FALSE
"69.mean-2",69,43,0,4,2,20,"b.Mean","b.Kismet",FALSE
"70.mean-2",70,46,1,6,2,14,"b.Mean","b.Kismet",FALSE
"75.mean-2",75,48,1,1,1,65,"b.Mean","b.Kismet",FALSE
"76.mean-2",76,55,1,3,NA,25,"b.Mean","b.Kismet",FALSE
"77.mean-2",77,14,1,5,1,5,"b.Mean","b.Kismet",TRUE
"78.mean-2",78,70,0,2,1,75,"b.Mean","b.Kismet",FALSE
"79.mean-2",79,13,1,5,1,30,"b.Mean","b.Kismet",TRUE
"80.mean-2",80,71,1,6,2,70,"b.Mean","b.Kismet",FALSE
"81.mean-2",81,42,1,3,1,80,"b.Mean","b.Kismet",FALSE
"82.mean-2",82,25,1,3,2,50,"b.Mean","b.Kismet",FALSE
"88.mean-2",88,43,1,3,2,100,"b.Mean","b.Kismet",FALSE
"89.mean-2",89,24,0,3,2,50,"b.Mean","b.Kismet",FALSE
"90.mean-2",90,24,1,3,1,100,"b.Mean","b.Kismet",FALSE
"91.mean-2",91,NA,NA,NA,NA,30,"b.Mean","b.Kismet",NA
"10.nice-5",10,66,0,3,1,60,"a.Nice","e.Fashion.Doll",FALSE
"13.nice-5",13,24,0,5,2,75,"a.Nice","e.Fashion.Doll",FALSE
"14.nice-5",14,36,1,3,2,5,"a.Nice","e.Fashion.Doll",FALSE
"16.nice-5",16,40,0,3,2,10,"a.Nice","e.Fashion.Doll",FALSE
"17.nice-5",17,19,0,5,2,10,"a.Nice","e.Fashion.Doll",FALSE
"24.nice-5",24,22,0,5,2,10,"a.Nice","e.Fashion.Doll",FALSE
"25.nice-5",25,20,0,5,2,10,"a.Nice","e.Fashion.Doll",FALSE
"33.nice-5",33,31,1,3,2,60,"a.Nice","e.Fashion.Doll",FALSE
"34.nice-5",34,42,1,3,1,50,"a.Nice","e.Fashion.Doll",FALSE
"35.nice-5",35,37,0,1,2,75,"a.Nice","e.Fashion.Doll",FALSE
"36.nice-5",36,24,1,3,2,0,"a.Nice","e.Fashion.Doll",FALSE
"37.nice-5",37,42,1,1,1,40,"a.Nice","e.Fashion.Doll",FALSE
"38.nice-5",38,32,0,3,1,2,"a.Nice","e.Fashion.Doll",FALSE
"39.nice-5",39,55,1,3,2,50,"a.Nice","e.Fashion.Doll",FALSE
"40.nice-5",40,48,0,1,1,80,"a.Nice","e.Fashion.Doll",FALSE
"41.nice-5",41,70,1,3,2,60,"a.Nice","e.Fashion.Doll",FALSE
"42.nice-5",42,65,0,4,2,10,"a.Nice","e.Fashion.Doll",FALSE
"46.nice-5",46,18,0,5,2,20,"a.Nice","e.Fashion.Doll",FALSE
"47.nice-5",47,21,0,2,2,10,"a.Nice","e.Fashion.Doll",FALSE
"48.nice-5",48,39,1,1,2,100,"a.Nice","e.Fashion.Doll",FALSE
"49.nice-5",49,32,1,5,2,20,"a.Nice","e.Fashion.Doll",FALSE
"50.nice-5",50,30,1,5,2,10,"a.Nice","e.Fashion.Doll",FALSE
"51.nice-5",51,24,0,5,2,0,"a.Nice","e.Fashion.Doll",FALSE
"52.nice-5",52,24,0,5,2,49,"a.Nice","e.Fashion.Doll",FALSE
"53.nice-5",53,24,0,5,2,60,"a.Nice","e.Fashion.Doll",FALSE
"54.nice-5",54,24,0,5,2,0,"a.Nice","e.Fashion.Doll",FALSE
"55.nice-5",55,24,0,5,2,50,"a.Nice","e.Fashion.Doll",FALSE
"56.nice-5",56,NA,0,5,2,20,"a.Nice","e.Fashion.Doll",NA
"57.nice-5",57,42,0,6,2,100,"a.Nice","e.Fashion.Doll",FALSE
"59.nice-5",59,43,0,3,1,20,"a.Nice","e.Fashion.Doll",FALSE
"60.nice-5",60,24,1,6,1,75,"a.Nice","e.Fashion.Doll",FALSE
"61.nice-5",61,NA,0,NA,NA,30,"a.Nice","e.Fashion.Doll",NA
"62.nice-5",62,50,0,3,1,25,"a.Nice","e.Fashion.Doll",FALSE
"67.nice-5",67,40,0,1,2,40,"a.Nice","e.Fashion.Doll",FALSE
"69.nice-5",69,43,0,4,2,100,"a.Nice","e.Fashion.Doll",FALSE
"70.nice-5",70,46,1,6,2,28,"a.Nice","e.Fashion.Doll",FALSE
"75.nice-5",75,48,1,1,1,80,"a.Nice","e.Fashion.Doll",FALSE
"76.nice-5",76,55,1,3,NA,50,"a.Nice","e.Fashion.Doll",FALSE
"77.nice-5",77,14,1,5,1,25,"a.Nice","e.Fashion.Doll",TRUE
"78.nice-5",78,70,0,2,1,85,"a.Nice","e.Fashion.Doll",FALSE
"79.nice-5",79,13,1,5,1,70,"a.Nice","e.Fashion.Doll",TRUE
"80.nice-5",80,71,1,6,2,50,"a.Nice","e.Fashion.Doll",FALSE
"81.nice-5",81,42,1,3,1,40,"a.Nice","e.Fashion.Doll",FALSE
"82.nice-5",82,25,1,3,2,20,"a.Nice","e.Fashion.Doll",FALSE
"88.nice-5",88,43,1,3,2,0,"a.Nice","e.Fashion.Doll",FALSE
"89.nice-5",89,24,0,3,2,10,"a.Nice","e.Fashion.Doll",FALSE
"90.nice-5",90,24,1,3,1,20,"a.Nice","e.Fashion.Doll",FALSE
"91.nice-5",91,NA,NA,NA,NA,50,"a.Nice","e.Fashion.Doll",NA
"10.nice-3",10,66,0,3,1,50,"a.Nice","c.Big.Lips",FALSE
"13.nice-3",13,24,0,5,2,60,"a.Nice","c.Big.Lips",FALSE
"14.nice-3",14,36,1,3,2,5,"a.Nice","c.Big.Lips",FALSE
"16.nice-3",16,40,0,3,2,20,"a.Nice","c.Big.Lips",FALSE
"17.nice-3",17,19,0,5,2,10,"a.Nice","c.Big.Lips",FALSE
"24.nice-3",24,22,0,5,2,10,"a.Nice","c.Big.Lips",FALSE
"25.nice-3",25,20,0,5,2,75,"a.Nice","c.Big.Lips",FALSE
"33.nice-3",33,31,1,3,2,10,"a.Nice","c.Big.Lips",FALSE
"34.nice-3",34,42,1,3,1,75,"a.Nice","c.Big.Lips",FALSE
"35.nice-3",35,37,0,1,2,70,"a.Nice","c.Big.Lips",FALSE
"36.nice-3",36,24,1,3,2,50,"a.Nice","c.Big.Lips",FALSE
"37.nice-3",37,42,1,1,1,55,"a.Nice","c.Big.Lips",FALSE
"38.nice-3",38,32,0,3,1,1,"a.Nice","c.Big.Lips",FALSE
"39.nice-3",39,55,1,3,2,40,"a.Nice","c.Big.Lips",FALSE
"40.nice-3",40,48,0,1,1,60,"a.Nice","c.Big.Lips",FALSE
"41.nice-3",41,70,1,3,2,80,"a.Nice","c.Big.Lips",FALSE
"42.nice-3",42,65,0,4,2,80,"a.Nice","c.Big.Lips",FALSE
"46.nice-3",46,18,0,5,2,10,"a.Nice","c.Big.Lips",FALSE
"47.nice-3",47,21,0,2,2,50,"a.Nice","c.Big.Lips",FALSE
"48.nice-3",48,39,1,1,2,100,"a.Nice","c.Big.Lips",FALSE
"49.nice-3",49,32,1,5,2,50,"a.Nice","c.Big.Lips",FALSE
"50.nice-3",50,30,1,5,2,10,"a.Nice","c.Big.Lips",FALSE
"51.nice-3",51,24,0,5,2,0,"a.Nice","c.Big.Lips",FALSE
"52.nice-3",52,24,0,5,2,49,"a.Nice","c.Big.Lips",FALSE
"53.nice-3",53,24,0,5,2,60,"a.Nice","c.Big.Lips",FALSE
"54.nice-3",54,24,0,5,2,0,"a.Nice","c.Big.Lips",FALSE
"55.nice-3",55,24,0,5,2,50,"a.Nice","c.Big.Lips",FALSE
"56.nice-3",56,NA,0,5,2,10,"a.Nice","c.Big.Lips",NA
"57.nice-3",57,42,0,6,2,80,"a.Nice","c.Big.Lips",FALSE
"59.nice-3",59,43,0,3,1,40,"a.Nice","c.Big.Lips",FALSE
"60.nice-3",60,24,1,6,1,25,"a.Nice","c.Big.Lips",FALSE
"61.nice-3",61,NA,0,NA,NA,100,"a.Nice","c.Big.Lips",NA
"62.nice-3",62,50,0,3,1,25,"a.Nice","c.Big.Lips",FALSE
"67.nice-3",67,40,0,1,2,50,"a.Nice","c.Big.Lips",FALSE
"69.nice-3",69,43,0,4,2,50,"a.Nice","c.Big.Lips",FALSE
"70.nice-3",70,46,1,6,2,42,"a.Nice","c.Big.Lips",FALSE
"75.nice-3",75,48,1,1,1,60,"a.Nice","c.Big.Lips",FALSE
"76.nice-3",76,55,1,3,NA,40,"a.Nice","c.Big.Lips",FALSE
"77.nice-3",77,14,1,5,1,65,"a.Nice","c.Big.Lips",TRUE
"78.nice-3",78,70,0,2,1,100,"a.Nice","c.Big.Lips",FALSE
"79.nice-3",79,13,1,5,1,50,"a.Nice","c.Big.Lips",TRUE
"80.nice-3",80,71,1,6,2,40,"a.Nice","c.Big.Lips",FALSE
"81.nice-3",81,42,1,3,1,80,"a.Nice","c.Big.Lips",FALSE
"82.nice-3",82,25,1,3,2,40,"a.Nice","c.Big.Lips",FALSE
"88.nice-3",88,43,1,3,2,100,"a.Nice","c.Big.Lips",FALSE
"89.nice-3",89,24,0,3,2,15,"a.Nice","c.Big.Lips",FALSE
"90.nice-3",90,24,1,3,1,20,"a.Nice","c.Big.Lips",FALSE
"91.nice-3",91,NA,NA,NA,NA,70,"a.Nice","c.Big.Lips",NA
"10.mean-6",10,66,0,3,1,30,"b.Mean","f.Human",FALSE
"13.mean-6",13,24,0,5,2,75,"b.Mean","f.Human",FALSE
"14.mean-6",14,36,1,3,2,5,"b.Mean","f.Human",FALSE
"16.mean-6",16,40,0,3,2,0,"b.Mean","f.Human",FALSE
"17.mean-6",17,19,0,5,2,10,"b.Mean","f.Human",FALSE
"24.mean-6",24,22,0,5,2,10,"b.Mean","f.Human",FALSE
"25.mean-6",25,20,0,5,2,20,"b.Mean","f.Human",FALSE
"33.mean-6",33,31,1,3,2,25,"b.Mean","f.Human",FALSE
"34.mean-6",34,42,1,3,1,75,"b.Mean","f.Human",FALSE
"35.mean-6",35,37,0,1,2,60,"b.Mean","f.Human",FALSE
"36.mean-6",36,24,1,3,2,20,"b.Mean","f.Human",FALSE
"37.mean-6",37,42,1,1,1,10,"b.Mean","f.Human",FALSE
"38.mean-6",38,32,0,3,1,10,"b.Mean","f.Human",FALSE
"39.mean-6",39,55,1,3,2,60,"b.Mean","f.Human",FALSE
"40.mean-6",40,48,0,1,1,85,"b.Mean","f.Human",FALSE
"41.mean-6",41,70,1,3,2,40,"b.Mean","f.Human",FALSE
"42.mean-6",42,65,0,4,2,90,"b.Mean","f.Human",FALSE
"46.mean-6",46,18,0,5,2,50,"b.Mean","f.Human",FALSE
"47.mean-6",47,21,0,2,2,30,"b.Mean","f.Human",FALSE
"48.mean-6",48,39,1,1,2,100,"b.Mean","f.Human",FALSE
"49.mean-6",49,32,1,5,2,10,"b.Mean","f.Human",FALSE
"50.mean-6",50,30,1,5,2,10,"b.Mean","f.Human",FALSE
"51.mean-6",51,24,0,5,2,0,"b.Mean","f.Human",FALSE
"52.mean-6",52,24,0,5,2,10,"b.Mean","f.Human",FALSE
"53.mean-6",53,24,0,5,2,60,"b.Mean","f.Human",FALSE
"54.mean-6",54,24,0,5,2,0,"b.Mean","f.Human",FALSE
"55.mean-6",55,24,0,5,2,30,"b.Mean","f.Human",FALSE
"56.mean-6",56,NA,0,5,2,15,"b.Mean","f.Human",NA
"57.mean-6",57,42,0,6,2,30,"b.Mean","f.Human",FALSE
"59.mean-6",59,43,0,3,1,30,"b.Mean","f.Human",FALSE
"60.mean-6",60,24,1,6,1,40,"b.Mean","f.Human",FALSE
"61.mean-6",61,NA,0,NA,NA,50,"b.Mean","f.Human",NA
"62.mean-6",62,50,0,3,1,0,"b.Mean","f.Human",FALSE
"67.mean-6",67,40,0,1,2,30,"b.Mean","f.Human",FALSE
"69.mean-6",69,43,0,4,2,50,"b.Mean","f.Human",FALSE
"70.mean-6",70,46,1,6,2,70,"b.Mean","f.Human",FALSE
"75.mean-6",75,48,1,1,1,85,"b.Mean","f.Human",FALSE
"76.mean-6",76,55,1,3,NA,60,"b.Mean","f.Human",FALSE
"77.mean-6",77,14,1,5,1,31,"b.Mean","f.Human",TRUE
"78.mean-6",78,70,0,2,1,10,"b.Mean","f.Human",FALSE
"79.mean-6",79,13,1,5,1,5,"b.Mean","f.Human",TRUE
"80.mean-6",80,71,1,6,2,45,"b.Mean","f.Human",FALSE
"81.mean-6",81,42,1,3,1,40,"b.Mean","f.Human",FALSE
"82.mean-6",82,25,1,3,2,20,"b.Mean","f.Human",FALSE
"88.mean-6",88,43,1,3,2,0,"b.Mean","f.Human",FALSE
"89.mean-6",89,24,0,3,2,10,"b.Mean","f.Human",FALSE
"90.mean-6",90,24,1,3,1,20,"b.Mean","f.Human",FALSE
"91.mean-6",91,NA,NA,NA,NA,50,"b.Mean","f.Human",NA
"10.nice-1",10,66,0,3,1,50,"a.Nice","a.Cog",FALSE
"13.nice-1",13,24,0,5,2,40,"a.Nice","a.Cog",FALSE
"14.nice-1",14,36,1,3,2,5,"a.Nice","a.Cog",FALSE
"16.nice-1",16,40,0,3,2,30,"a.Nice","a.Cog",FALSE
"17.nice-1",17,19,0,5,2,20,"a.Nice","a.Cog",FALSE
"24.nice-1",24,22,0,5,2,10,"a.Nice","a.Cog",FALSE
"25.nice-1",25,20,0,5,2,50,"a.Nice","a.Cog",FALSE
"33.nice-1",33,31,1,3,2,75,"a.Nice","a.Cog",FALSE
"34.nice-1",34,42,1,3,1,40,"a.Nice","a.Cog",FALSE
"35.nice-1",35,37,0,1,2,80,"a.Nice","a.Cog",FALSE
"36.nice-1",36,24,1,3,2,80,"a.Nice","a.Cog",FALSE
"37.nice-1",37,42,1,1,1,85,"a.Nice","a.Cog",FALSE
"38.nice-1",38,32,0,3,1,6,"a.Nice","a.Cog",FALSE
"39.nice-1",39,55,1,3,2,40,"a.Nice","a.Cog",FALSE
"40.nice-1",40,48,0,1,1,60,"a.Nice","a.Cog",FALSE
"41.nice-1",41,70,1,3,2,50,"a.Nice","a.Cog",FALSE
"42.nice-1",42,65,0,4,2,40,"a.Nice","a.Cog",FALSE
"46.nice-1",46,18,0,5,2,50,"a.Nice","a.Cog",FALSE
"47.nice-1",47,21,0,2,2,50,"a.Nice","a.Cog",FALSE
"48.nice-1",48,39,1,1,2,100,"a.Nice","a.Cog",FALSE
"49.nice-1",49,32,1,5,2,100,"a.Nice","a.Cog",FALSE
"50.nice-1",50,30,1,5,2,10,"a.Nice","a.Cog",FALSE
"51.nice-1",51,24,0,5,2,0,"a.Nice","a.Cog",FALSE
"52.nice-1",52,24,0,5,2,49,"a.Nice","a.Cog",FALSE
"53.nice-1",53,24,0,5,2,60,"a.Nice","a.Cog",FALSE
"54.nice-1",54,24,0,5,2,0,"a.Nice","a.Cog",FALSE
"55.nice-1",55,24,0,5,2,80,"a.Nice","a.Cog",FALSE
"56.nice-1",56,NA,0,5,2,15,"a.Nice","a.Cog",NA
"57.nice-1",57,42,0,6,2,50,"a.Nice","a.Cog",FALSE
"59.nice-1",59,43,0,3,1,10,"a.Nice","a.Cog",FALSE
"60.nice-1",60,24,1,6,1,2,"a.Nice","a.Cog",FALSE
"61.nice-1",61,NA,0,NA,NA,10,"a.Nice","a.Cog",NA
"62.nice-1",62,50,0,3,1,50,"a.Nice","a.Cog",FALSE
"67.nice-1",67,40,0,1,2,75,"a.Nice","a.Cog",FALSE
"69.nice-1",69,43,0,4,2,10,"a.Nice","a.Cog",FALSE
"70.nice-1",70,46,1,6,2,84,"a.Nice","a.Cog",FALSE
"75.nice-1",75,48,1,1,1,60,"a.Nice","a.Cog",FALSE
"76.nice-1",76,55,1,3,NA,40,"a.Nice","a.Cog",FALSE
"77.nice-1",77,14,1,5,1,1,"a.Nice","a.Cog",TRUE
"78.nice-1",78,70,0,2,1,100,"a.Nice","a.Cog",FALSE
"79.nice-1",79,13,1,5,1,10,"a.Nice","a.Cog",TRUE
"80.nice-1",80,71,1,6,2,50,"a.Nice","a.Cog",FALSE
"81.nice-1",81,42,1,3,1,50,"a.Nice","a.Cog",FALSE
"82.nice-1",82,25,1,3,2,50,"a.Nice","a.Cog",FALSE
"88.nice-1",88,43,1,3,2,100,"a.Nice","a.Cog",FALSE
"89.nice-1",89,24,0,3,2,80,"a.Nice","a.Cog",FALSE
"90.nice-1",90,24,1,3,1,20,"a.Nice","a.Cog",FALSE
"91.nice-1",91,NA,NA,NA,NA,30,"a.Nice","a.Cog",NA
"10.mean-4",10,66,0,3,1,60,"b.Mean","d.K.bot",FALSE
"13.mean-4",13,24,0,5,2,10,"b.Mean","d.K.bot",FALSE
"14.mean-4",14,36,1,3,2,5,"b.Mean","d.K.bot",FALSE
"16.mean-4",16,40,0,3,2,10,"b.Mean","d.K.bot",FALSE
"17.mean-4",17,19,0,5,2,10,"b.Mean","d.K.bot",FALSE
"24.mean-4",24,22,0,5,2,10,"b.Mean","d.K.bot",FALSE
"25.mean-4",25,20,0,5,2,10,"b.Mean","d.K.bot",FALSE
"33.mean-4",33,31,1,3,2,90,"b.Mean","d.K.bot",FALSE
"34.mean-4",34,42,1,3,1,30,"b.Mean","d.K.bot",FALSE
"35.mean-4",35,37,0,1,2,55,"b.Mean","d.K.bot",FALSE
"36.mean-4",36,24,1,3,2,30,"b.Mean","d.K.bot",FALSE
"37.mean-4",37,42,1,1,1,25,"b.Mean","d.K.bot",FALSE
"38.mean-4",38,32,0,3,1,4,"b.Mean","d.K.bot",FALSE
"39.mean-4",39,55,1,3,2,30,"b.Mean","d.K.bot",FALSE
"40.mean-4",40,48,0,1,1,30,"b.Mean","d.K.bot",FALSE
"41.mean-4",41,70,1,3,2,20,"b.Mean","d.K.bot",FALSE
"42.mean-4",42,65,0,4,2,20,"b.Mean","d.K.bot",FALSE
"46.mean-4",46,18,0,5,2,10,"b.Mean","d.K.bot",FALSE
"47.mean-4",47,21,0,2,2,20,"b.Mean","d.K.bot",FALSE
"48.mean-4",48,39,1,1,2,100,"b.Mean","d.K.bot",FALSE
"49.mean-4",49,32,1,5,2,20,"b.Mean","d.K.bot",FALSE
"50.mean-4",50,30,1,5,2,10,"b.Mean","d.K.bot",FALSE
"51.mean-4",51,24,0,5,2,0,"b.Mean","d.K.bot",FALSE
"52.mean-4",52,24,0,5,2,0,"b.Mean","d.K.bot",FALSE
"53.mean-4",53,24,0,5,2,60,"b.Mean","d.K.bot",FALSE
"54.mean-4",54,24,0,5,2,0,"b.Mean","d.K.bot",FALSE
"55.mean-4",55,24,0,5,2,50,"b.Mean","d.K.bot",FALSE
"56.mean-4",56,NA,0,5,2,0,"b.Mean","d.K.bot",NA
"57.mean-4",57,42,0,6,2,70,"b.Mean","d.K.bot",FALSE
"59.mean-4",59,43,0,3,1,5,"b.Mean","d.K.bot",FALSE
"60.mean-4",60,24,1,6,1,5,"b.Mean","d.K.bot",FALSE
"61.mean-4",61,NA,0,NA,NA,25,"b.Mean","d.K.bot",NA
"62.mean-4",62,50,0,3,1,0,"b.Mean","d.K.bot",FALSE
"67.mean-4",67,40,0,1,2,40,"b.Mean","d.K.bot",FALSE
"69.mean-4",69,43,0,4,2,30,"b.Mean","d.K.bot",FALSE
"70.mean-4",70,46,1,6,2,56,"b.Mean","d.K.bot",FALSE
"75.mean-4",75,48,1,1,1,30,"b.Mean","d.K.bot",FALSE
"76.mean-4",76,55,1,3,NA,30,"b.Mean","d.K.bot",FALSE
"77.mean-4",77,14,1,5,1,17,"b.Mean","d.K.bot",TRUE
"78.mean-4",78,70,0,2,1,30,"b.Mean","d.K.bot",FALSE
"79.mean-4",79,13,1,5,1,2,"b.Mean","d.K.bot",TRUE
"80.mean-4",80,71,1,6,2,35,"b.Mean","d.K.bot",FALSE
"81.mean-4",81,42,1,3,1,20,"b.Mean","d.K.bot",FALSE
"82.mean-4",82,25,1,3,2,20,"b.Mean","d.K.bot",FALSE
"88.mean-4",88,43,1,3,2,0,"b.Mean","d.K.bot",FALSE
"89.mean-4",89,24,0,3,2,0,"b.Mean","d.K.bot",FALSE
"90.mean-4",90,24,1,3,1,20,"b.Mean","d.K.bot",FALSE
"91.mean-4",91,NA,NA,NA,NA,30,"b.Mean","d.K.bot",NA
"1.nice-2",1,71,1,1,2,90,"a.Nice","b.Kismet",FALSE
"2.nice-2",2,62,0,3,2,15,"a.Nice","b.Kismet",FALSE
"3.nice-2",3,71,1,1,1,50,"a.Nice","b.Kismet",FALSE
"4.nice-2",4,68,0,6,1,60,"a.Nice","b.Kismet",FALSE
"5.nice-2",5,48,1,1,2,100,"a.Nice","b.Kismet",FALSE
"6.nice-2",6,46,0,6,2,100,"a.Nice","b.Kismet",FALSE
"7.nice-2",7,54,0,1,2,10,"a.Nice","b.Kismet",FALSE
"8.nice-2",8,49,0,3,2,100,"a.Nice","b.Kismet",FALSE
"9.nice-2",9,48,1,3,2,30,"a.Nice","b.Kismet",FALSE
"11.nice-2",11,55,0,1,2,50,"a.Nice","b.Kismet",FALSE
"12.nice-2",12,NA,0,1,2,20,"a.Nice","b.Kismet",NA
"15.nice-2",15,31,0,3,1,80,"a.Nice","b.Kismet",FALSE
"18.nice-2",18,28,1,5,1,60,"a.Nice","b.Kismet",FALSE
"19.nice-2",19,24,0,5,2,99,"a.Nice","b.Kismet",FALSE
"20.nice-2",20,27,0,5,2,75,"a.Nice","b.Kismet",FALSE
"21.nice-2",21,27,1,5,2,60,"a.Nice","b.Kismet",FALSE
"22.nice-2",22,25,1,6,2,10,"a.Nice","b.Kismet",FALSE
"23.nice-2",23,23,1,3,1,100,"a.Nice","b.Kismet",FALSE
"26.nice-2",26,26,NA,3,2,50,"a.Nice","b.Kismet",FALSE
"27.nice-2",27,31,1,5,2,100,"a.Nice","b.Kismet",FALSE
"28.nice-2",28,25,0,5,2,50,"a.Nice","b.Kismet",FALSE
"29.nice-2",29,24,1,5,1,70,"a.Nice","b.Kismet",FALSE
"30.nice-2",30,24,0,5,2,20,"a.Nice","b.Kismet",FALSE
"31.nice-2",31,26,0,5,1,50,"a.Nice","b.Kismet",FALSE
"32.nice-2",32,22,0,2,1,100,"a.Nice","b.Kismet",FALSE
"43.nice-2",43,22,0,5,2,20,"a.Nice","b.Kismet",FALSE
"44.nice-2",44,24,0,5,2,100,"a.Nice","b.Kismet",FALSE
"45.nice-2",45,26,0,5,1,100,"a.Nice","b.Kismet",FALSE
"58.nice-2",58,38,1,3,1,100,"a.Nice","b.Kismet",FALSE
"63.nice-2",63,54,1,1,1,15,"a.Nice","b.Kismet",FALSE
"64.nice-2",64,35,1,3,1,80,"a.Nice","b.Kismet",FALSE
"65.nice-2",65,35,1,3,2,40,"a.Nice","b.Kismet",FALSE
"66.nice-2",66,10,0,5,1,100,"a.Nice","b.Kismet",TRUE
"68.nice-2",68,35,0,3,2,100,"a.Nice","b.Kismet",FALSE
"71.nice-2",71,35,0,1,2,75,"a.Nice","b.Kismet",FALSE
"72.nice-2",72,50,0,3,2,50,"a.Nice","b.Kismet",FALSE
"73.nice-2",73,43,0,1,2,75,"a.Nice","b.Kismet",FALSE
"74.nice-2",74,44,1,3,2,20,"a.Nice","b.Kismet",FALSE
"83.nice-2",83,25,0,3,2,20,"a.Nice","b.Kismet",FALSE
"84.nice-2",84,24,0,3,2,100,"a.Nice","b.Kismet",FALSE
"85.nice-2",85,24,0,3,2,30,"a.Nice","b.Kismet",FALSE
"86.nice-2",86,22,0,3,2,50,"a.Nice","b.Kismet",FALSE
"87.nice-2",87,25,0,3,2,60,"a.Nice","b.Kismet",FALSE
"92.nice-2",92,42,1,3,2,10,"a.Nice","b.Kismet",FALSE
"1.mean-5",1,71,1,1,2,50,"b.Mean","e.Fashion.Doll",FALSE
"2.mean-5",2,62,0,3,2,60,"b.Mean","e.Fashion.Doll",FALSE
"3.mean-5",3,71,1,1,1,85,"b.Mean","e.Fashion.Doll",FALSE
"4.mean-5",4,68,0,6,1,50,"b.Mean","e.Fashion.Doll",FALSE
"5.mean-5",5,48,1,1,2,0,"b.Mean","e.Fashion.Doll",FALSE
"6.mean-5",6,46,0,6,2,20,"b.Mean","e.Fashion.Doll",FALSE
"7.mean-5",7,54,0,1,2,20,"b.Mean","e.Fashion.Doll",FALSE
"8.mean-5",8,49,0,3,2,20,"b.Mean","e.Fashion.Doll",FALSE
"9.mean-5",9,48,1,3,2,10,"b.Mean","e.Fashion.Doll",FALSE
"11.mean-5",11,55,0,1,2,100,"b.Mean","e.Fashion.Doll",FALSE
"12.mean-5",12,NA,0,1,2,30,"b.Mean","e.Fashion.Doll",NA
"15.mean-5",15,31,0,3,1,40,"b.Mean","e.Fashion.Doll",FALSE
"18.mean-5",18,28,1,5,1,70,"b.Mean","e.Fashion.Doll",FALSE
"19.mean-5",19,24,0,5,2,10,"b.Mean","e.Fashion.Doll",FALSE
"20.mean-5",20,27,0,5,2,80,"b.Mean","e.Fashion.Doll",FALSE
"21.mean-5",21,27,1,5,2,40,"b.Mean","e.Fashion.Doll",FALSE
"22.mean-5",22,25,1,6,2,10,"b.Mean","e.Fashion.Doll",FALSE
"23.mean-5",23,23,1,3,1,30,"b.Mean","e.Fashion.Doll",FALSE
"26.mean-5",26,26,NA,3,2,50,"b.Mean","e.Fashion.Doll",FALSE
"27.mean-5",27,31,1,5,2,0,"b.Mean","e.Fashion.Doll",FALSE
"28.mean-5",28,25,0,5,2,10,"b.Mean","e.Fashion.Doll",FALSE
"29.mean-5",29,24,1,5,1,10,"b.Mean","e.Fashion.Doll",FALSE
"30.mean-5",30,24,0,5,2,30,"b.Mean","e.Fashion.Doll",FALSE
"31.mean-5",31,26,0,5,1,25,"b.Mean","e.Fashion.Doll",FALSE
"32.mean-5",32,22,0,2,1,20,"b.Mean","e.Fashion.Doll",FALSE
"43.mean-5",43,22,0,5,2,5,"b.Mean","e.Fashion.Doll",FALSE
"44.mean-5",44,24,0,5,2,90,"b.Mean","e.Fashion.Doll",FALSE
"45.mean-5",45,26,0,5,1,0,"b.Mean","e.Fashion.Doll",FALSE
"58.mean-5",58,38,1,3,1,0,"b.Mean","e.Fashion.Doll",FALSE
"63.mean-5",63,54,1,1,1,15,"b.Mean","e.Fashion.Doll",FALSE
"64.mean-5",64,35,1,3,1,40,"b.Mean","e.Fashion.Doll",FALSE
"65.mean-5",65,35,1,3,2,10,"b.Mean","e.Fashion.Doll",FALSE
"66.mean-5",66,10,0,5,1,0,"b.Mean","e.Fashion.Doll",TRUE
"68.mean-5",68,35,0,3,2,100,"b.Mean","e.Fashion.Doll",FALSE
"71.mean-5",71,35,0,1,2,25,"b.Mean","e.Fashion.Doll",FALSE
"72.mean-5",72,50,0,3,2,30,"b.Mean","e.Fashion.Doll",FALSE
"73.mean-5",73,43,0,1,2,0,"b.Mean","e.Fashion.Doll",FALSE
"74.mean-5",74,44,1,3,2,80,"b.Mean","e.Fashion.Doll",FALSE
"83.mean-5",83,25,0,3,2,20,"b.Mean","e.Fashion.Doll",FALSE
"84.mean-5",84,24,0,3,2,10,"b.Mean","e.Fashion.Doll",FALSE
"85.mean-5",85,24,0,3,2,1,"b.Mean","e.Fashion.Doll",FALSE
"86.mean-5",86,22,0,3,2,10,"b.Mean","e.Fashion.Doll",FALSE
"87.mean-5",87,25,0,3,2,30,"b.Mean","e.Fashion.Doll",FALSE
"92.mean-5",92,42,1,3,2,0,"b.Mean","e.Fashion.Doll",FALSE
"1.mean-3",1,71,1,1,2,50,"b.Mean","c.Big.Lips",FALSE
"2.mean-3",2,62,0,3,2,70,"b.Mean","c.Big.Lips",FALSE
"3.mean-3",3,71,1,1,1,40,"b.Mean","c.Big.Lips",FALSE
"4.mean-3",4,68,0,6,1,40,"b.Mean","c.Big.Lips",FALSE
"5.mean-3",5,48,1,1,2,20,"b.Mean","c.Big.Lips",FALSE
"6.mean-3",6,46,0,6,2,80,"b.Mean","c.Big.Lips",FALSE
"7.mean-3",7,54,0,1,2,30,"b.Mean","c.Big.Lips",FALSE
"8.mean-3",8,49,0,3,2,10,"b.Mean","c.Big.Lips",FALSE
"9.mean-3",9,48,1,3,2,10,"b.Mean","c.Big.Lips",FALSE
"11.mean-3",11,55,0,1,2,100,"b.Mean","c.Big.Lips",FALSE
"12.mean-3",12,NA,0,1,2,50,"b.Mean","c.Big.Lips",NA
"15.mean-3",15,31,0,3,1,60,"b.Mean","c.Big.Lips",FALSE
"18.mean-3",18,28,1,5,1,50,"b.Mean","c.Big.Lips",FALSE
"19.mean-3",19,24,0,5,2,50,"b.Mean","c.Big.Lips",FALSE
"20.mean-3",20,27,0,5,2,79,"b.Mean","c.Big.Lips",FALSE
"21.mean-3",21,27,1,5,2,30,"b.Mean","c.Big.Lips",FALSE
"22.mean-3",22,25,1,6,2,10,"b.Mean","c.Big.Lips",FALSE
"23.mean-3",23,23,1,3,1,30,"b.Mean","c.Big.Lips",FALSE
"26.mean-3",26,26,NA,3,2,30,"b.Mean","c.Big.Lips",FALSE
"27.mean-3",27,31,1,5,2,65,"b.Mean","c.Big.Lips",FALSE
"28.mean-3",28,25,0,5,2,20,"b.Mean","c.Big.Lips",FALSE
"29.mean-3",29,24,1,5,1,60,"b.Mean","c.Big.Lips",FALSE
"30.mean-3",30,24,0,5,2,30,"b.Mean","c.Big.Lips",FALSE
"31.mean-3",31,26,0,5,1,100,"b.Mean","c.Big.Lips",FALSE
"32.mean-3",32,22,0,2,1,80,"b.Mean","c.Big.Lips",FALSE
"43.mean-3",43,22,0,5,2,20,"b.Mean","c.Big.Lips",FALSE
"44.mean-3",44,24,0,5,2,0,"b.Mean","c.Big.Lips",FALSE
"45.mean-3",45,26,0,5,1,0,"b.Mean","c.Big.Lips",FALSE
"58.mean-3",58,38,1,3,1,100,"b.Mean","c.Big.Lips",FALSE
"63.mean-3",63,54,1,1,1,15,"b.Mean","c.Big.Lips",FALSE
"64.mean-3",64,35,1,3,1,60,"b.Mean","c.Big.Lips",FALSE
"65.mean-3",65,35,1,3,2,20,"b.Mean","c.Big.Lips",FALSE
"66.mean-3",66,10,0,5,1,50,"b.Mean","c.Big.Lips",TRUE
"68.mean-3",68,35,0,3,2,100,"b.Mean","c.Big.Lips",FALSE
"71.mean-3",71,35,0,1,2,50,"b.Mean","c.Big.Lips",FALSE
"72.mean-3",72,50,0,3,2,50,"b.Mean","c.Big.Lips",FALSE
"73.mean-3",73,43,0,1,2,50,"b.Mean","c.Big.Lips",FALSE
"74.mean-3",74,44,1,3,2,100,"b.Mean","c.Big.Lips",FALSE
"83.mean-3",83,25,0,3,2,100,"b.Mean","c.Big.Lips",FALSE
"84.mean-3",84,24,0,3,2,50,"b.Mean","c.Big.Lips",FALSE
"85.mean-3",85,24,0,3,2,20,"b.Mean","c.Big.Lips",FALSE
"86.mean-3",86,22,0,3,2,15,"b.Mean","c.Big.Lips",FALSE
"87.mean-3",87,25,0,3,2,30,"b.Mean","c.Big.Lips",FALSE
"92.mean-3",92,42,1,3,2,10,"b.Mean","c.Big.Lips",FALSE
"1.nice-6",1,71,1,1,2,0,"a.Nice","f.Human",FALSE
"2.nice-6",2,62,0,3,2,50,"a.Nice","f.Human",FALSE
"3.nice-6",3,71,1,1,1,100,"a.Nice","f.Human",FALSE
"4.nice-6",4,68,0,6,1,75,"a.Nice","f.Human",FALSE
"5.nice-6",5,48,1,1,2,80,"a.Nice","f.Human",FALSE
"6.nice-6",6,46,0,6,2,80,"a.Nice","f.Human",FALSE
"7.nice-6",7,54,0,1,2,80,"a.Nice","f.Human",FALSE
"8.nice-6",8,49,0,3,2,40,"a.Nice","f.Human",FALSE
"9.nice-6",9,48,1,3,2,100,"a.Nice","f.Human",FALSE
"11.nice-6",11,55,0,1,2,10,"a.Nice","f.Human",FALSE
"12.nice-6",12,NA,0,1,2,10,"a.Nice","f.Human",NA
"15.nice-6",15,31,0,3,1,80,"a.Nice","f.Human",FALSE
"18.nice-6",18,28,1,5,1,60,"a.Nice","f.Human",FALSE
"19.nice-6",19,24,0,5,2,1,"a.Nice","f.Human",FALSE
"20.nice-6",20,27,0,5,2,60,"a.Nice","f.Human",FALSE
"21.nice-6",21,27,1,5,2,20,"a.Nice","f.Human",FALSE
"22.nice-6",22,25,1,6,2,10,"a.Nice","f.Human",FALSE
"23.nice-6",23,23,1,3,1,0,"a.Nice","f.Human",FALSE
"26.nice-6",26,26,NA,3,2,20,"a.Nice","f.Human",FALSE
"27.nice-6",27,31,1,5,2,0,"a.Nice","f.Human",FALSE
"28.nice-6",28,25,0,5,2,60,"a.Nice","f.Human",FALSE
"29.nice-6",29,24,1,5,1,50,"a.Nice","f.Human",FALSE
"30.nice-6",30,24,0,5,2,20,"a.Nice","f.Human",FALSE
"31.nice-6",31,26,0,5,1,50,"a.Nice","f.Human",FALSE
"32.nice-6",32,22,0,2,1,20,"a.Nice","f.Human",FALSE
"43.nice-6",43,22,0,5,2,5,"a.Nice","f.Human",FALSE
"44.nice-6",44,24,0,5,2,50,"a.Nice","f.Human",FALSE
"45.nice-6",45,26,0,5,1,0,"a.Nice","f.Human",FALSE
"58.nice-6",58,38,1,3,1,100,"a.Nice","f.Human",FALSE
"63.nice-6",63,54,1,1,1,15,"a.Nice","f.Human",FALSE
"64.nice-6",64,35,1,3,1,70,"a.Nice","f.Human",FALSE
"65.nice-6",65,35,1,3,2,70,"a.Nice","f.Human",FALSE
"66.nice-6",66,10,0,5,1,60,"a.Nice","f.Human",TRUE
"68.nice-6",68,35,0,3,2,50,"a.Nice","f.Human",FALSE
"71.nice-6",71,35,0,1,2,100,"a.Nice","f.Human",FALSE
"72.nice-6",72,50,0,3,2,30,"a.Nice","f.Human",FALSE
"73.nice-6",73,43,0,1,2,100,"a.Nice","f.Human",FALSE
"74.nice-6",74,44,1,3,2,10,"a.Nice","f.Human",FALSE
"83.nice-6",83,25,0,3,2,20,"a.Nice","f.Human",FALSE
"84.nice-6",84,24,0,3,2,80,"a.Nice","f.Human",FALSE
"85.nice-6",85,24,0,3,2,1,"a.Nice","f.Human",FALSE
"86.nice-6",86,22,0,3,2,5,"a.Nice","f.Human",FALSE
"87.nice-6",87,25,0,3,2,30,"a.Nice","f.Human",FALSE
"92.nice-6",92,42,1,3,2,10,"a.Nice","f.Human",FALSE
"1.mean-1",1,71,1,1,2,100,"b.Mean","a.Cog",FALSE
"2.mean-1",2,62,0,3,2,30,"b.Mean","a.Cog",FALSE
"3.mean-1",3,71,1,1,1,40,"b.Mean","a.Cog",FALSE
"4.mean-1",4,68,0,6,1,30,"b.Mean","a.Cog",FALSE
"5.mean-1",5,48,1,1,2,50,"b.Mean","a.Cog",FALSE
"6.mean-1",6,46,0,6,2,0,"b.Mean","a.Cog",FALSE
"7.mean-1",7,54,0,1,2,50,"b.Mean","a.Cog",FALSE
"8.mean-1",8,49,0,3,2,50,"b.Mean","a.Cog",FALSE
"9.mean-1",9,48,1,3,2,30,"b.Mean","a.Cog",FALSE
"11.mean-1",11,55,0,1,2,0,"b.Mean","a.Cog",FALSE
"12.mean-1",12,NA,0,1,2,50,"b.Mean","a.Cog",NA
"15.mean-1",15,31,0,3,1,40,"b.Mean","a.Cog",FALSE
"18.mean-1",18,28,1,5,1,50,"b.Mean","a.Cog",FALSE
"19.mean-1",19,24,0,5,2,75,"b.Mean","a.Cog",FALSE
"20.mean-1",20,27,0,5,2,50,"b.Mean","a.Cog",FALSE
"21.mean-1",21,27,1,5,2,20,"b.Mean","a.Cog",FALSE
"22.mean-1",22,25,1,6,2,10,"b.Mean","a.Cog",FALSE
"23.mean-1",23,23,1,3,1,55,"b.Mean","a.Cog",FALSE
"26.mean-1",26,26,NA,3,2,0,"b.Mean","a.Cog",FALSE
"27.mean-1",27,31,1,5,2,100,"b.Mean","a.Cog",FALSE
"28.mean-1",28,25,0,5,2,30,"b.Mean","a.Cog",FALSE
"29.mean-1",29,24,1,5,1,0,"b.Mean","a.Cog",FALSE
"30.mean-1",30,24,0,5,2,40,"b.Mean","a.Cog",FALSE
"31.mean-1",31,26,0,5,1,25,"b.Mean","a.Cog",FALSE
"32.mean-1",32,22,0,2,1,80,"b.Mean","a.Cog",FALSE
"43.mean-1",43,22,0,5,2,10,"b.Mean","a.Cog",FALSE
"44.mean-1",44,24,0,5,2,100,"b.Mean","a.Cog",FALSE
"45.mean-1",45,26,0,5,1,0,"b.Mean","a.Cog",FALSE
"58.mean-1",58,38,1,3,1,100,"b.Mean","a.Cog",FALSE
"63.mean-1",63,54,1,1,1,15,"b.Mean","a.Cog",FALSE
"64.mean-1",64,35,1,3,1,50,"b.Mean","a.Cog",FALSE
"65.mean-1",65,35,1,3,2,50,"b.Mean","a.Cog",FALSE
"66.mean-1",66,10,0,5,1,100,"b.Mean","a.Cog",TRUE
"68.mean-1",68,35,0,3,2,50,"b.Mean","a.Cog",FALSE
"71.mean-1",71,35,0,1,2,100,"b.Mean","a.Cog",FALSE
"72.mean-1",72,50,0,3,2,50,"b.Mean","a.Cog",FALSE
"73.mean-1",73,43,0,1,2,25,"b.Mean","a.Cog",FALSE
"74.mean-1",74,44,1,3,2,90,"b.Mean","a.Cog",FALSE
"83.mean-1",83,25,0,3,2,50,"b.Mean","a.Cog",FALSE
"84.mean-1",84,24,0,3,2,50,"b.Mean","a.Cog",FALSE
"85.mean-1",85,24,0,3,2,10,"b.Mean","a.Cog",FALSE
"86.mean-1",86,22,0,3,2,70,"b.Mean","a.Cog",FALSE
"87.mean-1",87,25,0,3,2,50,"b.Mean","a.Cog",FALSE
"92.mean-1",92,42,1,3,2,30,"b.Mean","a.Cog",FALSE
"1.nice-4",1,71,1,1,2,0,"a.Nice","d.K.bot",FALSE
"2.nice-4",2,62,0,3,2,40,"a.Nice","d.K.bot",FALSE
"3.nice-4",3,71,1,1,1,80,"a.Nice","d.K.bot",FALSE
"4.nice-4",4,68,0,6,1,50,"a.Nice","d.K.bot",FALSE
"5.nice-4",5,48,1,1,2,30,"a.Nice","d.K.bot",FALSE
"6.nice-4",6,46,0,6,2,50,"a.Nice","d.K.bot",FALSE
"7.nice-4",7,54,0,1,2,10,"a.Nice","d.K.bot",FALSE
"8.nice-4",8,49,0,3,2,10,"a.Nice","d.K.bot",FALSE
"9.nice-4",9,48,1,3,2,30,"a.Nice","d.K.bot",FALSE
"11.nice-4",11,55,0,1,2,0,"a.Nice","d.K.bot",FALSE
"12.nice-4",12,NA,0,1,2,60,"a.Nice","d.K.bot",NA
"15.nice-4",15,31,0,3,1,20,"a.Nice","d.K.bot",FALSE
"18.nice-4",18,28,1,5,1,60,"a.Nice","d.K.bot",FALSE
"19.nice-4",19,24,0,5,2,20,"a.Nice","d.K.bot",FALSE
"20.nice-4",20,27,0,5,2,45,"a.Nice","d.K.bot",FALSE
"21.nice-4",21,27,1,5,2,60,"a.Nice","d.K.bot",FALSE
"22.nice-4",22,25,1,6,2,10,"a.Nice","d.K.bot",FALSE
"23.nice-4",23,23,1,3,1,55,"a.Nice","d.K.bot",FALSE
"26.nice-4",26,26,NA,3,2,0,"a.Nice","d.K.bot",FALSE
"27.nice-4",27,31,1,5,2,85,"a.Nice","d.K.bot",FALSE
"28.nice-4",28,25,0,5,2,10,"a.Nice","d.K.bot",FALSE
"29.nice-4",29,24,1,5,1,30,"a.Nice","d.K.bot",FALSE
"30.nice-4",30,24,0,5,2,20,"a.Nice","d.K.bot",FALSE
"31.nice-4",31,26,0,5,1,25,"a.Nice","d.K.bot",FALSE
"32.nice-4",32,22,0,2,1,50,"a.Nice","d.K.bot",FALSE
"43.nice-4",43,22,0,5,2,5,"a.Nice","d.K.bot",FALSE
"44.nice-4",44,24,0,5,2,0,"a.Nice","d.K.bot",FALSE
"45.nice-4",45,26,0,5,1,0,"a.Nice","d.K.bot",FALSE
"58.nice-4",58,38,1,3,1,0,"a.Nice","d.K.bot",FALSE
"63.nice-4",63,54,1,1,1,15,"a.Nice","d.K.bot",FALSE
"64.nice-4",64,35,1,3,1,40,"a.Nice","d.K.bot",FALSE
"65.nice-4",65,35,1,3,2,100,"a.Nice","d.K.bot",FALSE
"66.nice-4",66,10,0,5,1,0,"a.Nice","d.K.bot",TRUE
"68.nice-4",68,35,0,3,2,50,"a.Nice","d.K.bot",FALSE
"71.nice-4",71,35,0,1,2,100,"a.Nice","d.K.bot",FALSE
"72.nice-4",72,50,0,3,2,50,"a.Nice","d.K.bot",FALSE
"73.nice-4",73,43,0,1,2,10,"a.Nice","d.K.bot",FALSE
"74.nice-4",74,44,1,3,2,60,"a.Nice","d.K.bot",FALSE
"83.nice-4",83,25,0,3,2,70,"a.Nice","d.K.bot",FALSE
"84.nice-4",84,24,0,3,2,0,"a.Nice","d.K.bot",FALSE
"85.nice-4",85,24,0,3,2,1,"a.Nice","d.K.bot",FALSE
"86.nice-4",86,22,0,3,2,10,"a.Nice","d.K.bot",FALSE
"87.nice-4",87,25,0,3,2,30,"a.Nice","d.K.bot",FALSE
"92.nice-4",92,42,1,3,2,10,"a.Nice","d.K.bot",FALSE
